Timestamp,PM2.5 (µg/m³),PM10 (µg/m³),NO (µg/m³),NO2 (µg/m³),NOx (ppb),NH3 (µg/m³),SO2 (µg/m³),CO (mg/m³),Ozone (µg/m³),Benzene (µg/m³),Toluene (µg/m³),Xylene (µg/m³),O Xylene (µg/m³),Eth-Benzene (µg/m³),MP-Xylene (µg/m³),AT (°C),RH (%),WS (m/s),WD (deg),RF (mm),TOT-RF (mm),SR (W/mt2),BP (mmHg),VWS (m/s)
2024-01-01,169.57,305.14,28.77,29.65,38.54,62.22,52.05,0.77,33.9,3.38,4.55,2.19,,2.91,2.06,,78.67,1.22,133.79,,0.0,33.45,,-0.22
2024-01-02,148.21,288.49,29.95,27.63,38.4,59.98,29.71,0.78,32.73,3.43,4.56,2.2,,2.91,2.06,,73.04,1.13,131.23,,0.0,42.14,,-0.22
2024-01-03,142.83,266.59,31.23,29.64,40.49,56.22,25.18,1.14,32.7,3.38,4.53,2.19,,2.86,2.04,,91.74,1.05,152.68,,0.0,24.69,,-0.25
2024-01-04,183.1,343.5,37.54,33.01,47.3,56.74,21.95,0.88,36.09,3.41,4.55,2.2,,2.92,2.05,,88.92,1.13,86.84,,0.0,21.57,,-0.26
2024-01-05,143.22,254.06,36.58,33.53,46.82,40.75,31.97,0.55,28.09,4.49,5.94,3.37,,4.53,3.29,,94.04,1.02,109.93,,0.0,12.37,,-0.26
2024-01-06,113.37,214.09,40.87,33.29,50.13,32.93,13.19,1.32,28.03,4.74,6.54,3.53,,4.54,3.11,,83.44,1.18,130.03,,0.0,28.29,,-0.21
2024-01-07,91.67,216.7,40.15,33.22,49.52,33.58,9.44,1.24,33.9,4.86,6.62,3.51,,4.51,3.16,,76.69,1.06,174.66,,0.0,45.88,,-0.18
2024-01-08,121.75,305.04,46.33,33.04,54.36,28.75,15.4,1.35,22.29,4.75,6.49,3.45,,4.48,3.08,,86.69,0.96,134.09,,0.0,29.89,,-0.21
2024-01-09,74.72,174.13,49.82,29.34,55.13,23.88,15.23,0.76,9.81,5.11,6.85,3.72,,4.55,3.37,,87.47,1.33,97.04,,0.0,29.35,,-0.07
2024-01-10,81.62,166.99,62.08,22.15,61.2,12.38,12.34,1.01,18.75,4.83,6.52,3.52,,4.59,3.15,,82.37,1.49,82.31,,0.0,37.12,,-0.02
2024-01-11,110.65,238.0,56.83,19.71,55.76,16.44,12.82,0.88,26.31,4.81,6.5,3.56,,4.52,3.18,,78.45,1.26,90.19,,0.0,52.4,,0.01
2024-01-12,107.03,234.7,63.1,22.04,61.96,12.96,9.34,1.11,22.43,4.83,6.63,3.53,,4.49,3.15,,79.78,1.07,112.27,,0.0,49.27,,0.01
2024-01-13,144.22,345.82,83.27,18.3,76.13,10.76,6.5,2.02,15.95,4.83,6.5,3.48,,4.57,3.16,,89.25,0.78,190.75,,0.0,39.47,,-0.02
2024-01-14,176.96,365.38,88.4,20.29,81.29,15.84,6.92,2.42,16.25,4.77,6.38,3.45,,4.48,3.09,,85.27,1.0,123.47,,0.0,42.95,,-0.02
2024-01-15,160.01,225.77,69.71,23.03,67.81,21.89,17.5,1.52,16.98,4.84,6.57,3.54,,4.57,3.18,,79.29,1.0,120.51,,0.0,60.94,,0.01
2024-01-16,174.0,266.04,79.77,20.67,74.61,15.86,10.05,1.64,15.5,2.48,3.77,1.42,,1.7,1.09,,88.66,1.12,234.2,,0.0,47.18,,-0.03
2024-01-17,161.23,234.55,78.37,13.35,69.5,20.88,24.0,2.04,17.35,1.29,2.44,0.47,,1.0,0.64,,82.45,1.16,266.82,,0.0,45.05,,-0.05
2024-01-18,127.04,217.18,79.97,16.99,72.69,18.12,19.9,1.55,14.27,1.35,2.46,0.51,,1.04,0.68,,83.61,1.02,259.43,,0.0,48.81,,-0.01
2024-01-19,110.89,238.62,74.41,20.0,69.84,17.68,17.14,1.3,12.21,1.46,2.44,0.62,,1.0,0.92,,86.84,1.22,258.81,,0.0,34.84,,-0.0
2024-01-20,110.64,202.39,66.45,23.61,65.45,20.6,23.2,1.21,23.61,1.85,2.43,0.98,,0.98,1.61,,76.88,0.86,225.32,,0.0,45.01,,0.01
2024-01-21,108.93,204.88,75.97,16.42,69.15,17.43,16.17,1.56,15.53,1.83,2.42,0.97,,0.96,1.58,,87.38,1.31,89.21,,0.0,40.96,,-0.05
2024-01-22,131.69,244.29,52.17,29.45,57.13,25.66,21.26,1.1,18.84,1.89,2.46,1.03,,1.01,1.62,,79.2,1.11,231.66,,0.0,51.14,,0.07
2024-01-23,135.45,266.44,55.72,30.69,60.63,22.76,17.74,1.28,22.36,3.87,4.2,1.27,,1.38,2.24,,84.66,1.29,217.75,,0.0,45.29,,0.03
2024-01-24,135.83,285.18,57.36,31.14,62.18,21.48,22.65,1.83,21.7,6.45,7.2,1.61,,2.04,2.71,,81.58,1.11,119.66,,0.0,43.41,,0.03
2024-01-25,133.34,276.35,66.5,25.61,66.59,19.45,19.75,1.64,22.27,8.95,14.69,2.43,,2.57,4.74,,84.67,1.02,134.39,,0.0,47.71,,0.05
2024-01-26,169.72,351.4,77.92,32.39,79.29,14.31,13.65,1.84,24.25,11.89,17.12,3.47,,3.26,6.64,,78.19,0.79,182.68,,0.0,51.53,,0.05
2024-01-27,110.78,210.4,65.72,27.59,67.02,20.54,16.61,1.22,14.42,11.12,13.02,3.05,,2.64,6.15,,67.6,1.03,133.2,,0.0,77.56,,0.05
2024-01-28,138.97,286.5,73.94,24.67,72.03,54.53,19.19,1.33,19.17,6.18,10.17,2.92,,2.88,5.89,,81.77,1.23,225.27,,0.0,56.15,,0.04
2024-01-29,129.8,263.32,62.14,25.93,63.29,56.91,21.49,1.4,17.25,5.11,13.01,2.16,,2.21,4.03,,78.51,1.13,220.84,,0.0,56.23,,0.04
2024-01-30,130.33,251.36,81.81,19.27,75.46,42.11,9.34,1.33,12.01,7.01,20.63,2.41,,2.62,4.52,,91.04,0.97,114.45,,0.0,37.91,,-0.02
2024-01-31,123.16,244.84,106.11,16.01,93.05,29.36,13.19,1.3,10.29,6.88,15.67,2.51,,2.65,4.52,,94.01,1.02,203.57,,0.0,30.31,,-0.06
2024-02-01,22.72,55.83,62.56,21.86,61.48,56.63,22.21,0.7,15.38,1.87,3.7,1.37,,1.25,1.95,,89.97,1.79,253.9,,0.0,35.68,,-0.05
2024-02-02,52.82,140.89,73.47,19.64,68.97,47.28,16.34,0.86,14.65,3.63,6.53,1.69,,1.65,2.92,,86.37,1.15,96.01,,0.0,78.9,,0.07
2024-02-03,58.96,140.07,72.25,19.37,67.94,50.84,16.35,1.07,12.13,6.05,17.33,3.52,,3.49,6.8,,60.56,0.99,117.19,,0.0,62.83,,0.03
2024-02-04,59.59,143.36,89.66,11.6,77.53,42.61,13.53,1.26,9.29,5.56,15.39,3.14,,2.98,5.84,,86.76,1.2,236.15,,0.0,38.23,,-0.04
2024-02-05,42.73,98.91,70.42,10.68,61.3,56.12,14.72,1.56,10.89,2.02,4.57,1.19,,1.08,1.79,,83.53,1.44,137.07,,0.0,64.27,,0.02
2024-02-06,44.12,104.09,53.63,19.06,52.88,65.11,14.93,0.91,9.07,2.39,5.26,1.24,,1.24,2.17,,65.37,1.37,90.81,,0.0,89.52,,0.1
2024-02-07,64.17,128.1,55.14,14.52,51.71,66.96,8.81,0.67,12.25,2.2,4.08,1.17,,1.16,1.94,,50.05,1.71,84.38,,0.0,88.27,,0.1
2024-02-08,55.29,109.2,59.07,11.96,53.5,64.54,9.9,0.87,6.04,2.2,2.02,0.88,,0.87,1.38,,67.12,1.64,58.21,,0.0,48.87,,0.02
2024-02-09,48.46,105.64,50.71,15.44,48.65,67.94,10.9,0.94,21.05,3.65,10.24,2.34,,1.85,3.96,,44.63,1.12,150.06,,0.0,117.48,,0.15
2024-02-10,93.59,213.55,67.77,14.98,61.36,55.55,6.54,1.24,24.56,5.3,13.25,2.29,,2.14,4.16,,67.1,0.87,156.91,,0.0,76.85,,0.1
2024-02-11,75.41,191.12,60.87,16.73,57.55,59.56,2.8,1.07,23.26,3.4,6.79,1.45,,1.57,2.58,,60.84,0.97,109.82,,0.0,83.57,,0.12
2024-02-12,89.31,182.72,63.59,17.36,59.81,57.73,3.79,0.95,20.66,3.54,6.44,1.6,,1.57,2.82,,70.92,0.79,141.17,,0.0,65.13,,0.07
2024-02-13,113.02,253.51,70.38,19.26,66.3,51.83,24.34,1.6,19.93,5.72,12.27,2.95,,2.61,5.1,,72.93,0.68,176.43,,0.0,56.26,,0.05
2024-02-14,107.91,211.1,70.28,14.79,63.74,55.2,14.87,0.98,21.73,5.12,13.88,2.43,,2.31,4.37,,66.36,0.89,94.31,,0.0,79.43,,0.06
2024-02-15,91.64,166.03,61.94,12.55,56.1,61.27,14.15,1.22,28.68,4.22,10.18,1.77,,1.67,3.18,,58.06,1.12,94.69,,0.0,84.49,,0.07
2024-02-16,80.54,149.47,58.48,15.23,54.71,64.5,15.26,0.76,22.68,3.2,9.44,1.63,,1.64,2.92,,52.63,1.18,126.36,,0.0,93.64,,0.1
2024-02-17,80.45,147.43,61.53,13.84,56.37,61.06,14.82,0.91,20.83,3.9,9.22,1.94,,2.01,3.51,,52.87,1.02,128.17,,0.0,95.66,,0.02
2024-02-18,96.86,205.96,123.67,13.61,105.96,50.88,16.63,1.79,22.5,9.21,25.15,6.37,,4.69,11.48,,56.64,1.32,254.94,,0.0,87.62,,-0.04
2024-02-19,61.28,206.03,54.38,21.93,54.98,49.09,13.84,0.85,34.39,2.53,3.1,1.15,,1.35,1.73,,49.97,2.32,259.55,,0.0,78.29,,-0.08
2024-02-20,75.62,147.88,44.98,29.07,51.27,36.44,18.84,0.69,21.65,4.01,7.75,1.52,,1.79,2.3,,75.91,1.36,227.32,,0.0,67.61,,-0.1
2024-02-21,78.39,163.09,45.37,29.39,51.68,38.66,16.72,0.77,19.93,4.4,8.4,1.6,,1.86,2.55,,62.21,1.52,106.2,,0.0,93.43,,-0.06
2024-02-22,71.56,141.83,34.31,27.19,41.68,46.31,10.25,0.67,18.27,3.57,6.22,1.15,,1.49,1.82,,43.37,1.38,124.89,,0.0,101.85,,0.03
2024-02-23,56.04,110.49,34.97,26.56,41.84,49.46,15.95,0.6,18.05,3.18,8.0,1.15,,1.45,1.85,,35.21,1.45,95.16,,0.0,107.83,,0.08
2024-02-24,81.22,145.24,41.5,24.57,46.06,43.33,6.15,0.62,16.08,4.48,7.99,1.49,,1.76,2.37,,43.51,0.91,161.66,,0.0,85.18,,0.01
2024-02-25,71.34,140.24,35.37,23.57,40.61,47.5,12.79,0.76,16.89,3.94,4.12,1.01,,1.33,1.69,,37.27,1.24,175.69,,0.0,89.19,,0.03
2024-02-26,70.96,142.32,32.32,23.82,38.31,49.88,12.25,0.85,18.0,4.08,9.0,1.32,,1.6,2.26,,34.39,1.31,126.4,,0.0,77.11,,0.01
2024-02-27,56.9,113.14,30.78,22.49,36.38,50.95,10.96,0.77,19.29,3.56,8.45,1.14,,1.58,1.88,,42.9,1.49,99.65,,0.0,88.2,,0.03
2024-02-28,56.33,106.1,37.14,22.84,41.64,49.07,18.92,0.82,20.45,3.82,6.47,1.02,,1.32,1.65,,48.45,1.59,86.42,,0.0,116.25,,-0.12
2024-02-29,56.9,100.46,36.64,26.75,43.3,35.99,32.69,0.93,22.35,3.92,7.79,1.38,,1.66,2.4,,46.74,1.36,91.95,,0.0,110.65,,-0.21
2024-03-01,74.01,157.62,35.92,40.34,49.86,20.65,13.21,1.46,22.89,4.01,13.66,2.16,,2.47,3.46,,49.75,1.17,246.85,,0.0,83.84,,-0.27
2024-03-02,38.6,76.04,25.58,30.17,36.25,31.45,15.5,1.36,29.89,1.94,4.32,1.04,,1.25,1.27,,64.6,3.32,272.8,,0.0,77.85,,-0.33
2024-03-03,50.15,113.17,27.17,32.07,38.57,28.8,16.87,1.6,23.9,2.01,3.72,0.92,,1.18,1.27,,62.23,1.7,170.35,,0.0,88.67,,-0.31
2024-03-04,59.39,128.58,25.84,31.59,37.21,30.5,14.04,1.31,19.99,2.54,3.3,0.82,,1.14,1.28,,45.36,1.56,134.65,,0.0,116.46,,-0.18
2024-03-05,51.29,109.55,25.38,29.49,35.77,32.51,14.76,1.06,22.27,2.05,3.97,0.78,,1.17,1.23,,41.45,1.72,97.25,,0.0,122.4,,-0.17
2024-03-06,50.68,103.12,28.65,29.71,38.43,30.84,16.86,1.43,22.61,2.29,5.11,0.89,,1.26,1.41,,41.6,1.41,90.63,,0.0,94.87,,-0.25
2024-03-07,65.19,132.59,29.03,29.48,38.6,29.87,14.4,1.46,20.47,2.54,6.86,1.1,,1.56,1.87,,43.92,1.32,117.41,,0.0,109.51,,-0.23
2024-03-08,55.28,118.94,31.64,30.14,40.98,29.71,18.57,1.44,22.09,2.16,4.15,0.9,,1.27,1.43,,41.53,1.53,103.07,,0.0,114.38,,-0.22
2024-03-09,51.36,97.99,32.22,29.25,40.95,29.7,16.78,1.16,24.82,2.27,4.04,0.86,,1.19,1.4,,40.0,1.46,85.6,,0.0,127.17,,-0.21
2024-03-10,65.19,141.8,25.2,27.75,34.69,33.14,13.98,1.54,21.72,2.43,4.26,1.02,,1.31,1.7,,32.62,1.15,105.23,,0.0,149.09,,-0.14
2024-03-11,74.59,175.48,23.89,29.46,34.52,30.25,13.47,1.9,21.57,3.55,3.9,1.08,,1.53,1.65,,42.43,1.33,172.64,,0.0,102.98,,-0.18
2024-03-12,69.78,155.81,27.81,31.81,38.9,26.06,8.17,1.46,25.98,2.76,4.12,0.95,,1.36,1.55,,46.36,1.42,125.92,,0.0,110.47,,-0.22
2024-03-13,62.8,116.83,27.79,29.21,37.52,20.01,6.14,1.25,22.5,2.43,5.24,1.11,,1.58,1.94,,46.07,1.04,161.06,,0.0,105.49,,-0.25
2024-03-14,83.81,185.49,28.5,32.77,39.96,18.98,6.64,1.37,20.0,3.42,4.15,1.07,,1.51,1.93,,50.04,1.45,134.73,,0.0,114.1,,-0.19
2024-03-15,42.95,96.5,27.84,27.33,36.52,22.95,9.8,0.88,19.56,2.37,4.94,1.02,,1.31,1.72,,32.88,1.57,82.24,,0.0,121.91,,-0.21
2024-03-16,62.89,129.41,26.83,26.93,35.51,23.37,14.11,1.03,24.15,2.18,5.53,1.0,,1.4,1.62,,34.31,1.27,119.84,,0.0,115.07,,-0.19
2024-03-17,55.43,130.02,26.95,25.98,35.16,22.59,12.32,0.97,21.0,1.99,5.19,0.93,,1.29,1.53,,33.95,1.16,96.38,,0.0,113.46,,-0.21
2024-03-18,33.55,123.69,26.49,28.85,36.3,22.37,13.25,1.22,22.8,1.93,5.07,0.9,,1.21,1.47,,35.46,1.16,96.56,,0.0,116.51,,-0.22
2024-03-19,36.07,147.8,28.89,30.9,39.29,17.94,8.72,1.28,21.49,3.76,8.99,1.39,,1.71,2.36,,38.84,1.06,144.22,,0.0,109.91,,-0.24
2024-03-20,50.65,155.94,29.33,32.22,40.33,18.95,12.15,1.32,23.86,3.24,8.86,1.21,,1.75,2.12,,37.86,1.18,113.16,,0.0,110.79,,-0.26
2024-03-21,40.22,131.71,38.22,22.03,41.21,18.24,13.31,1.0,30.25,1.78,3.71,0.88,,1.4,1.39,,59.33,1.78,250.77,,0.0,105.72,,-0.25
2024-03-22,41.51,109.55,55.52,5.76,47.2,11.46,17.95,1.2,34.13,1.95,2.7,0.82,,1.2,1.19,,56.26,1.64,252.03,,0.0,101.15,,-0.31
2024-03-23,49.07,134.41,45.71,10.51,41.88,16.67,11.82,1.15,25.93,2.2,4.93,1.08,,1.35,1.85,,31.05,1.49,91.18,,0.0,165.23,,-0.21
2024-03-24,48.01,147.9,43.63,11.22,40.77,16.7,15.12,1.3,21.45,2.36,3.61,1.01,,1.3,1.69,,45.83,1.56,154.25,,0.0,73.0,,-0.32
2024-03-25,49.72,118.9,40.65,12.63,39.07,22.53,19.59,1.1,24.42,2.44,2.91,0.94,,1.22,1.51,,43.83,1.38,93.19,,0.0,118.89,,-0.21
2024-03-26,50.97,94.5,36.08,11.75,34.97,23.38,22.78,1.42,22.95,2.12,2.8,0.89,,1.17,1.39,,39.39,1.24,95.4,,0.0,108.07,,-0.24
2024-03-27,84.22,174.44,37.11,29.01,44.62,15.24,18.18,1.44,20.07,2.83,5.96,1.28,,1.66,2.31,,44.54,1.1,159.13,,0.0,67.37,,-0.3
2024-03-28,71.29,152.47,21.94,39.94,38.45,20.33,19.24,0.76,26.54,2.22,4.74,1.07,,1.42,1.73,,37.69,1.25,111.89,,0.0,104.46,,-0.29
2024-03-29,75.53,164.24,21.05,41.46,38.53,20.57,9.6,0.91,20.51,2.06,5.56,1.11,,1.57,1.83,,39.61,1.03,185.68,,0.0,97.92,,-0.31
2024-03-30,74.53,163.27,46.59,33.74,47.93,16.44,17.38,0.94,22.77,3.09,4.57,1.3,,1.51,1.94,,45.2,1.18,206.89,,0.0,97.86,,-0.31
2024-03-31,80.16,204.63,129.09,27.3,96.53,44.95,11.91,0.6,24.97,3.87,5.16,1.4,,1.56,2.26,,40.68,1.38,126.22,,0.0,113.46,,-0.23
2024-04-01,68.1,120.67,12.85,35.1,28.55,41.6,30.43,0.76,24.71,1.93,3.34,0.85,,1.19,1.39,,39.26,1.58,78.61,,0.0,105.0,,-0.29
2024-04-02,68.43,132.27,11.42,30.55,25.12,44.52,24.6,0.59,24.72,1.95,3.91,0.93,,1.3,1.41,,27.56,1.53,95.14,,0.0,126.03,,-0.26
2024-04-03,88.4,212.72,12.31,33.37,27.32,41.66,23.1,0.85,25.23,3.58,3.26,0.98,,1.39,1.62,,27.48,1.16,178.94,,0.0,110.53,,-0.26
2024-04-04,74.0,182.55,13.51,34.49,28.8,40.5,18.3,0.75,24.73,2.89,5.85,1.09,,1.42,1.89,,22.47,1.29,116.64,,0.0,115.6,,-0.28
2024-04-05,75.59,167.77,13.57,33.79,28.54,41.17,16.41,0.51,24.88,2.47,5.1,1.08,,1.47,1.79,,23.04,1.38,90.63,,0.0,109.59,,-0.29
2024-04-06,72.13,156.27,13.76,35.33,29.63,41.77,17.18,0.8,24.98,2.36,4.4,0.97,,1.27,1.52,,19.49,1.47,94.42,,0.0,117.36,,-0.27
2024-04-07,75.33,144.89,15.58,36.29,31.34,36.19,19.56,1.02,25.14,2.65,5.19,1.11,,1.37,1.79,,17.11,1.23,92.74,,0.0,131.29,,-0.25
2024-04-08,75.3,168.52,20.69,42.51,35.15,42.31,19.03,0.69,24.86,2.85,4.59,1.15,,1.44,1.92,,18.52,1.18,123.35,,0.0,121.05,,-0.26
2024-04-09,86.58,236.44,18.15,41.4,36.1,33.21,9.52,0.52,23.83,5.11,3.98,1.23,,1.51,1.82,,20.88,0.9,204.19,,0.0,123.89,,-0.24
2024-04-10,79.3,171.42,18.52,41.82,36.64,18.06,26.22,0.69,13.03,5.59,4.45,1.01,,1.39,1.52,,17.06,0.87,179.67,,0.0,142.57,,-0.21
2024-04-11,88.34,208.22,21.6,44.42,40.47,32.62,22.7,0.49,9.43,8.64,6.67,3.09,,4.44,3.34,,24.64,0.97,173.76,,0.0,97.65,,-0.29
2024-04-12,89.07,227.82,20.87,41.01,38.14,28.55,20.27,0.62,11.17,4.84,6.59,3.52,,4.55,3.19,,24.63,0.91,179.35,,0.0,87.07,,-0.31
2024-04-13,72.97,185.46,20.21,40.02,37.12,29.62,17.66,0.73,10.83,4.8,6.54,3.53,,4.5,3.18,,27.62,1.34,222.15,,0.0,86.19,,-0.33
2024-04-14,53.63,144.66,19.98,39.78,36.73,30.65,19.56,0.9,8.36,4.67,6.3,3.39,,4.32,3.03,,42.73,1.45,143.32,,0.0,49.76,,-0.35
2024-04-15,63.55,185.67,18.94,40.17,35.99,31.46,27.46,0.67,9.54,5.41,7.51,4.06,,5.14,3.72,,42.77,0.91,141.25,,0.0,53.85,,-0.35
2024-04-16,44.62,178.47,21.57,49.68,43.26,28.13,13.88,0.76,38.05,2.49,4.15,1.54,,1.68,1.42,,31.74,1.32,100.23,,0.0,116.61,,-0.28
2024-04-17,48.22,127.49,17.34,36.52,32.96,34.12,18.56,0.77,34.9,1.35,2.88,0.81,,1.17,1.3,,22.75,1.52,81.99,,0.0,120.59,,-0.29
2024-04-18,54.54,145.75,17.85,36.45,33.33,34.7,18.08,0.68,32.9,1.71,3.04,0.88,,1.18,1.46,,20.05,1.04,90.76,,0.0,112.38,,-0.35
2024-04-19,55.85,192.04,21.14,42.56,39.17,29.41,16.48,0.79,32.62,3.72,10.89,1.94,,2.05,3.5,,24.39,1.16,146.0,,0.0,116.43,,-0.38
2024-04-20,52.81,174.92,15.37,32.44,29.26,38.25,16.81,0.67,25.35,1.51,3.03,0.9,,1.25,1.43,,27.35,1.38,101.7,,0.0,107.32,,-0.37
2024-04-21,47.25,114.42,15.57,35.28,30.91,41.47,15.78,0.71,24.71,1.4,2.47,0.79,,1.15,1.32,,23.85,1.35,87.56,,0.0,95.08,,-0.39
2024-04-22,44.19,76.53,19.45,38.49,35.71,37.9,15.7,0.96,29.06,1.6,5.15,1.01,,1.32,1.73,,16.67,1.1,101.13,,0.0,171.22,,-0.27
2024-04-23,55.78,173.65,20.16,39.75,36.94,36.35,8.95,0.71,24.51,1.59,4.16,0.98,,1.33,1.53,,25.47,1.49,171.11,,0.0,101.37,,-0.37
2024-04-24,49.45,133.44,20.23,39.93,37.09,35.43,16.93,0.71,12.9,2.32,5.24,1.17,,1.47,2.02,,25.32,0.98,107.75,,0.0,114.35,,-0.36
2024-04-25,55.33,161.79,18.39,38.13,34.67,38.13,14.8,0.6,10.57,2.26,5.82,1.13,,1.45,2.05,,18.55,1.04,111.62,,0.0,113.66,,-0.36
2024-04-26,58.84,147.68,18.96,37.4,34.6,36.26,14.96,0.46,9.9,2.58,3.0,0.9,,1.31,1.58,,26.23,0.86,228.96,,0.0,29.14,,-0.52
2024-04-27,59.15,159.73,18.48,40.0,35.69,36.29,20.82,0.8,13.06,1.93,3.31,0.88,,1.21,1.38,,26.69,1.14,128.84,,0.0,110.65,,-0.36
2024-04-28,57.35,167.32,17.37,38.65,34.13,38.12,13.67,0.68,11.48,1.91,2.1,0.76,,1.09,1.23,,21.35,1.17,133.44,,0.0,106.77,,-0.34
2024-04-29,61.73,185.23,17.99,38.79,34.7,37.6,13.6,0.57,14.09,2.23,2.41,0.84,,1.15,1.35,,26.98,1.66,143.82,,0.0,110.26,,-0.35
2024-04-30,53.05,142.38,16.81,35.36,31.96,39.64,15.19,0.89,18.27,1.73,5.0,0.95,,1.29,1.58,,17.4,1.28,77.42,,0.0,146.73,,-0.16
2024-05-01,65.23,160.11,16.59,35.07,31.63,40.79,9.46,0.69,19.67,1.55,3.03,0.74,,1.11,1.22,,13.84,1.62,91.89,,0.0,122.39,,0.02
2024-05-02,67.72,145.55,17.16,34.21,31.63,40.21,9.41,0.69,20.81,1.86,4.33,0.85,,1.21,1.49,,16.18,1.46,92.68,,0.0,119.68,,0.04
2024-05-03,70.4,180.4,18.2,35.12,32.93,38.29,8.54,0.53,12.18,2.26,5.6,1.01,,1.33,1.75,,11.89,1.25,83.79,,0.0,109.03,,0.03
2024-05-04,73.25,186.2,18.71,36.22,33.93,37.01,7.21,0.46,12.84,2.51,6.06,1.23,,1.62,2.2,,15.32,0.96,121.47,,0.0,110.85,,0.03
2024-05-05,80.35,215.11,24.44,44.49,42.85,31.0,4.23,0.53,13.39,4.85,13.58,2.06,,2.18,3.87,,13.32,1.31,94.16,,0.0,143.8,,0.02
2024-05-06,68.05,195.63,18.98,34.72,33.36,38.48,4.79,0.55,13.5,2.32,4.12,1.03,,1.34,1.87,,19.98,1.15,111.86,,0.0,107.1,,-0.01
2024-05-07,77.65,241.94,20.62,37.33,36.03,35.58,5.51,0.51,13.67,3.61,8.04,1.24,,1.65,2.26,,28.37,0.91,199.48,,0.0,98.24,,0.01
2024-05-08,53.34,183.23,21.81,30.15,32.01,37.98,5.47,0.52,15.85,1.7,2.68,0.9,,1.23,1.26,,42.84,2.07,258.36,,0.0,109.55,,0.05
2024-05-09,54.33,126.94,30.72,30.6,40.61,30.49,9.86,0.56,17.43,1.5,2.81,0.79,,1.2,1.14,,39.81,1.95,252.02,,0.0,110.9,,0.04
2024-05-10,57.05,130.64,35.02,27.83,42.72,28.42,7.18,0.54,20.82,1.68,2.8,0.76,,1.19,1.08,,41.19,2.01,260.45,,0.0,142.2,,0.1
2024-05-11,65.06,156.54,31.69,29.2,40.64,31.04,6.81,0.81,21.57,1.95,2.32,0.89,,1.23,1.41,,29.0,1.49,140.75,,0.0,123.01,,0.1
2024-05-12,65.28,136.11,33.58,28.61,41.84,29.09,5.42,0.62,22.5,2.3,4.09,1.09,,1.43,1.73,,32.73,1.0,146.8,,0.0,106.84,,0.08
2024-05-13,69.11,176.33,32.29,28.79,40.91,30.16,6.51,0.45,21.49,3.62,4.29,1.3,,1.55,1.9,,26.76,1.1,159.85,,0.0,110.7,,0.09
2024-05-14,70.26,168.1,35.46,29.46,43.79,27.63,8.51,0.52,20.84,3.69,8.92,1.78,,2.13,3.06,,18.88,0.91,136.35,,0.0,110.04,,0.09
2024-05-15,68.51,186.74,36.02,28.28,43.62,27.64,7.59,0.46,20.58,4.19,10.68,1.96,,2.37,3.48,,19.15,0.9,165.55,,0.0,112.74,,0.09
2024-05-16,70.22,176.05,32.38,28.99,41.14,30.22,15.16,0.69,21.03,3.1,7.96,1.4,,1.86,2.38,,23.13,0.94,196.71,,0.0,109.71,,0.08
2024-05-17,71.93,193.85,36.31,28.37,43.9,27.77,14.05,0.52,21.4,4.07,9.83,2.25,,2.4,3.57,,22.42,0.86,177.81,,0.0,98.73,,-0.0
2024-05-18,72.79,203.73,34.36,28.17,42.06,21.23,18.64,1.07,21.03,4.57,11.39,1.76,,2.77,3.3,,18.44,1.11,114.65,,0.0,109.21,,-0.02
2024-05-19,66.87,196.99,34.88,22.65,39.77,17.46,20.57,1.52,21.46,3.05,5.79,0.99,,2.42,1.71,,14.3,1.35,101.71,,0.0,115.89,,-0.03
2024-05-20,76.67,203.44,43.98,16.15,43.64,14.62,21.07,1.8,21.89,4.06,5.44,0.96,,2.41,1.67,,21.24,1.13,143.76,,0.0,115.42,,-0.02
2024-05-21,70.91,211.36,44.56,15.26,43.62,13.86,18.03,1.44,21.93,3.1,6.9,0.94,,2.48,1.62,,34.47,1.44,242.33,,0.0,115.68,,-0.01
2024-05-22,65.06,155.81,44.1,15.66,43.48,14.16,18.35,1.44,21.84,2.85,5.22,0.81,,2.24,1.23,,37.86,2.0,257.34,,0.0,115.51,,-0.01
2024-05-23,65.87,113.66,38.37,17.07,39.62,18.01,17.64,0.61,21.76,2.41,4.54,0.73,,2.18,1.13,,34.51,2.13,260.55,,0.0,150.58,,0.03
2024-05-24,63.35,107.15,37.89,15.58,38.46,17.47,20.0,0.88,21.93,2.51,4.75,0.79,,2.19,1.15,,36.3,1.92,261.63,,0.0,119.79,,-0.02
2024-05-25,55.69,155.72,39.5,16.45,40.05,17.54,17.75,0.81,22.25,3.14,6.87,0.96,,2.37,1.54,,28.03,1.47,174.87,,0.0,110.84,,-0.06
2024-05-26,63.61,185.23,34.62,18.73,37.5,18.26,18.01,0.99,21.68,2.99,5.35,0.95,,2.35,1.64,,20.39,1.28,110.21,,0.0,124.73,,-0.05
2024-05-27,61.91,230.05,44.22,16.05,43.68,16.75,15.21,0.78,21.45,4.48,8.66,1.48,,2.9,2.51,,24.95,0.98,174.6,,0.0,107.89,,-0.14
2024-05-28,70.85,240.8,53.34,16.19,51.14,11.33,20.1,0.69,24.29,5.23,15.1,2.88,,3.81,5.27,,21.24,1.12,188.77,,0.0,115.47,,-0.16
2024-05-29,81.4,202.03,42.29,18.73,43.63,13.59,22.32,0.8,33.08,3.96,9.76,2.08,,2.63,3.39,,20.07,1.37,228.81,,0.0,110.82,,-0.14
2024-05-30,79.47,171.13,37.02,20.38,40.28,21.83,16.92,0.78,30.59,3.28,5.95,1.16,,1.7,1.91,,17.13,1.46,168.6,,0.0,128.26,,-0.05
2024-05-31,66.3,165.69,34.11,21.57,38.58,23.0,10.25,0.56,30.48,3.55,6.38,1.14,,1.65,1.88,,21.94,1.37,162.47,,0.0,118.13,,0.06
2024-06-01,95.93,202.66,38.57,20.84,41.77,22.0,16.48,0.62,32.53,3.66,6.46,1.29,,1.82,2.44,,17.52,1.29,118.27,,0.0,98.69,,0.06
2024-06-02,69.9,146.99,29.05,22.87,35.21,25.72,13.63,0.58,30.15,2.68,3.28,0.79,,1.16,1.16,,20.86,1.1,133.46,,0.0,112.93,,0.11
2024-06-03,69.33,173.12,28.73,23.1,35.08,25.82,13.62,0.61,30.19,3.17,5.05,1.03,,1.37,1.83,,21.64,1.2,95.95,,0.0,113.5,,0.09
2024-06-04,89.56,216.95,35.1,22.52,39.84,23.64,13.81,0.63,32.04,3.22,7.49,1.37,,1.97,2.24,,27.39,1.31,226.22,,0.0,98.02,,0.06
2024-06-05,83.9,285.73,40.02,19.31,42.21,22.18,14.0,0.63,28.87,3.01,5.09,1.44,,1.77,2.2,,26.18,1.34,114.3,,0.0,110.69,,0.08
2024-06-06,69.41,136.79,34.16,20.51,38.13,24.41,14.44,0.92,31.02,2.5,3.27,0.78,,1.17,1.19,,37.96,1.49,170.58,,0.0,122.19,,0.15
2024-06-07,61.23,208.86,29.6,19.36,33.81,25.72,13.76,0.59,33.32,2.15,3.8,0.89,,1.25,1.44,,21.74,1.44,81.59,,0.0,127.92,,0.11
2024-06-08,95.54,195.94,29.69,19.32,33.86,28.36,29.58,0.95,32.77,1.7,2.38,0.77,,1.15,1.27,,21.54,1.54,77.8,,0.0,118.14,,0.09
2024-06-09,77.89,142.19,31.85,18.84,35.35,27.27,29.8,1.03,33.81,1.66,2.76,0.82,,1.16,1.37,,16.59,1.66,95.05,,0.0,135.41,,0.11
2024-06-10,82.67,139.18,32.22,18.47,35.44,26.69,22.16,1.29,31.79,1.89,3.46,0.94,,1.27,1.55,,14.81,1.51,96.43,,0.0,129.13,,0.1
2024-06-11,84.01,165.64,36.51,22.87,40.84,26.56,30.53,1.4,32.86,2.33,4.52,1.04,,1.46,1.81,,14.52,1.19,113.66,,0.0,126.13,,0.08
2024-06-12,96.87,163.67,39.72,22.45,43.52,20.85,20.33,1.68,31.57,3.16,7.84,1.69,,2.18,3.16,,16.77,1.11,124.22,,0.0,125.48,,0.09
2024-06-13,76.38,158.68,35.42,20.31,38.87,22.9,27.4,0.97,38.2,2.22,3.88,0.98,,1.37,1.74,,15.96,1.58,95.56,,0.0,130.01,,0.05
2024-06-14,81.34,171.07,30.42,22.01,35.86,26.24,36.84,0.95,32.42,1.45,2.24,0.72,,1.09,1.15,,20.5,1.8,103.92,,0.0,117.06,,0.04
2024-06-15,78.6,161.04,30.02,23.71,36.36,24.36,25.61,1.43,33.04,1.64,2.65,0.8,,1.15,1.31,,18.0,1.74,75.41,,0.0,167.72,,0.13
2024-06-16,77.04,167.31,31.7,25.04,38.42,24.2,35.69,1.1,32.39,1.6,2.48,0.81,,1.15,1.36,,19.45,1.43,77.25,,0.0,130.4,,0.07
2024-06-17,69.63,142.18,30.59,26.3,38.19,23.89,25.23,1.29,31.65,1.8,2.97,0.88,,1.24,1.48,,19.03,1.54,80.42,,0.0,129.72,,0.07
2024-06-18,74.5,232.0,29.4,23.73,35.89,23.37,17.52,1.29,28.82,1.45,2.48,0.79,,1.14,1.28,,23.01,1.52,62.76,,0.0,128.46,,0.03
2024-06-19,76.53,261.38,30.59,24.47,37.16,25.25,20.36,1.09,28.32,1.31,1.88,0.73,,1.06,1.08,,26.17,1.73,64.13,,0.0,113.17,,-0.03
2024-06-20,48.4,134.1,30.24,24.32,36.91,24.82,17.56,0.86,34.66,1.45,1.93,0.69,,1.07,0.98,,42.96,2.04,197.81,,0.0,91.69,,-0.02
2024-06-21,65.93,160.17,39.41,26.61,45.45,17.36,18.97,0.97,36.82,2.16,2.81,0.78,,1.23,1.24,,54.9,1.51,170.1,,0.0,82.94,,-0.02
2024-06-22,56.85,126.93,37.2,31.03,45.91,16.79,17.1,0.79,36.79,2.53,5.48,1.03,,1.54,1.72,,50.63,1.27,171.79,,0.0,94.72,,0.03
2024-06-23,47.93,90.69,28.89,26.59,36.95,23.3,18.2,1.11,33.7,1.72,4.51,0.81,,1.28,1.31,,54.42,1.13,222.13,,0.0,85.05,,0.04
2024-06-24,39.87,83.12,35.26,31.1,44.49,17.63,14.14,0.68,37.19,1.59,3.94,0.83,,1.27,1.25,,54.06,1.24,238.87,,0.0,85.67,,0.0
2024-06-25,39.91,77.44,37.41,36.52,48.97,13.72,16.71,0.65,35.19,1.72,3.12,0.75,,1.21,1.13,,56.21,1.2,194.75,,0.0,96.22,,-0.0
2024-06-26,38.09,77.95,36.34,32.72,46.17,15.53,18.39,1.06,36.56,1.37,2.56,0.73,,1.17,1.09,,56.24,1.5,241.94,,0.0,85.41,,-0.01
2024-06-27,25.66,55.06,32.54,31.76,42.6,18.36,18.97,1.22,30.46,1.19,1.56,0.77,,0.9,0.72,,71.53,1.61,241.58,,0.0,84.42,,0.04
2024-06-28,32.21,177.48,30.03,34.31,41.96,19.58,15.87,1.05,23.18,1.02,0.75,0.88,,0.74,0.51,,79.72,1.79,250.84,,0.0,63.41,,-0.0
2024-06-29,35.46,67.76,32.67,35.67,44.79,17.53,21.23,0.99,33.37,1.02,0.75,0.88,,0.74,0.51,,78.39,1.32,230.91,,0.0,95.7,,-0.01
2024-06-30,33.25,73.61,32.27,35.93,44.52,20.19,17.37,1.26,32.45,1.02,0.75,0.88,,0.74,0.51,,74.86,1.26,191.65,,0.0,102.05,,-0.0
2024-07-01,29.86,61.0,30.62,32.9,41.06,20.3,17.71,0.75,31.19,1.02,0.74,0.88,,0.73,0.5,,64.76,1.19,192.18,,0.0,101.3,,-0.04
2024-07-02,35.27,106.47,27.14,33.42,39.18,19.49,8.54,1.01,35.12,1.0,0.73,0.86,,0.72,0.51,,62.3,1.51,186.99,,0.0,109.36,,-0.04
2024-07-03,28.55,81.82,24.46,30.93,35.76,23.82,19.6,0.82,22.85,1.03,1.04,0.92,,0.77,0.54,,80.95,1.93,264.37,,0.0,41.86,,-0.08
2024-07-04,31.01,54.51,21.64,29.35,32.68,27.76,18.89,0.76,14.74,0.98,1.82,0.93,,0.81,0.58,,80.44,0.98,228.31,,0.0,52.98,,-0.01
2024-07-05,30.57,50.99,26.05,33.6,38.56,25.55,17.56,0.87,15.25,0.95,1.76,0.9,,0.76,0.53,,79.73,1.15,199.38,,0.0,76.38,,-0.05
2024-07-06,26.21,52.09,28.45,26.72,36.72,20.12,18.5,0.67,16.33,1.45,1.74,0.83,,0.83,0.61,,80.71,1.23,177.27,,0.0,77.46,,-0.09
2024-07-07,27.71,39.39,33.61,20.78,37.78,13.95,13.64,0.57,16.56,1.92,1.75,0.79,,0.94,0.71,,70.29,1.29,212.94,,0.0,99.3,,0.01
2024-07-08,30.43,51.58,41.57,19.04,43.09,10.16,14.11,0.69,17.03,1.92,1.75,0.79,,0.94,0.71,,79.64,1.34,174.99,,0.0,68.53,,-0.01
2024-07-09,33.6,86.75,44.83,18.22,45.38,8.18,9.53,0.86,16.61,1.92,1.74,0.79,,0.93,0.71,,84.59,1.0,234.2,,0.0,56.73,,-0.02
2024-07-10,32.05,112.49,40.86,22.56,44.5,8.21,6.37,0.98,16.76,1.92,1.75,0.79,,0.93,0.71,,78.3,1.12,201.68,,0.0,75.98,,0.02
2024-07-11,38.77,114.15,38.43,21.51,41.87,7.66,4.68,0.89,14.91,1.93,1.75,0.78,,0.94,0.71,,68.53,1.09,205.42,,0.0,117.72,,0.01
2024-07-12,34.3,105.15,27.88,21.58,33.6,16.43,10.14,0.46,16.41,1.92,1.75,0.79,,0.95,0.71,,57.17,1.17,113.22,,0.0,75.2,,-0.07
2024-07-13,36.48,95.43,37.71,20.41,40.75,11.37,9.53,1.02,16.26,1.92,1.75,0.78,,0.94,0.71,,72.96,1.1,214.99,,0.0,97.62,,-0.0
2024-07-14,34.92,101.85,36.74,19.69,39.68,10.45,7.43,1.04,15.56,1.92,1.75,0.78,,0.93,0.71,,65.13,0.78,193.71,,0.0,105.45,,-0.01
2024-07-15,36.36,97.03,32.8,17.79,35.52,13.8,4.75,0.91,15.66,1.93,1.75,0.78,,0.95,0.71,,70.91,0.94,193.94,,0.0,80.73,,-0.01
2024-07-16,35.84,92.72,27.37,22.12,33.24,23.2,5.43,0.55,15.75,1.97,2.32,0.82,,1.01,0.74,,66.01,1.27,212.6,,0.0,108.04,,0.06
2024-07-17,28.48,78.41,28.24,23.66,34.91,31.66,11.34,0.66,17.22,1.98,2.8,0.84,,1.03,0.76,,68.04,1.39,223.31,,0.0,90.64,,0.02
2024-07-18,31.81,84.69,40.25,22.93,44.16,25.39,10.13,0.91,17.48,1.92,2.74,0.78,,0.94,0.71,,78.66,1.12,222.04,,0.0,68.46,,-0.05
2024-07-19,33.45,120.33,49.93,20.89,50.56,17.86,3.3,1.29,18.58,1.93,2.74,0.78,,0.93,0.71,,78.89,1.4,227.34,,0.0,69.62,,-0.07
2024-07-20,30.23,96.52,39.27,18.52,41.06,26.55,5.28,1.03,17.64,1.93,2.74,0.79,,0.95,0.71,,67.2,1.06,220.12,,0.0,92.19,,-0.01
2024-07-21,33.91,86.45,30.24,20.23,34.77,33.64,12.22,0.96,16.68,1.98,2.79,0.82,,0.98,0.76,,73.87,1.24,224.2,,0.0,62.4,,-0.01
2024-07-22,31.58,76.35,30.47,18.42,33.86,32.3,15.71,0.86,16.81,1.97,2.78,0.84,,0.98,0.74,,79.53,1.24,212.25,,0.0,68.27,,-0.0
2024-07-23,30.01,67.16,32.29,19.67,36.09,31.47,21.69,1.02,16.53,1.96,2.78,0.83,,0.99,0.75,,82.32,1.0,203.11,,0.0,62.74,,-0.03
2024-07-24,35.93,79.69,36.66,19.95,39.77,28.75,12.3,1.07,16.73,1.94,2.75,0.79,,0.95,0.72,,78.64,0.73,171.06,,0.0,87.73,,-0.06
2024-07-25,29.91,75.47,34.23,18.7,37.18,30.78,16.04,1.09,16.04,1.94,2.77,0.81,,0.96,0.73,,74.58,0.89,232.63,,0.0,88.41,,-0.07
2024-07-26,33.46,73.66,29.33,17.67,32.67,29.57,12.23,0.89,15.4,1.96,1.69,0.95,,0.99,0.81,,80.7,0.76,149.77,,0.0,65.42,,-0.1
2024-07-27,28.91,63.02,29.92,23.44,36.21,27.73,15.62,0.86,15.71,1.96,0.77,1.04,,0.97,0.83,,78.19,0.84,197.91,,0.0,87.2,,-0.01
2024-07-28,26.31,48.68,34.68,19.19,37.81,25.15,22.55,1.02,15.65,1.93,0.92,1.02,,0.93,0.81,,69.61,1.14,216.16,,0.0,112.85,,0.01
2024-07-29,31.15,56.6,32.39,18.21,35.38,27.16,15.79,0.98,15.98,1.93,2.18,1.01,,0.94,0.81,,63.61,1.39,253.32,,0.0,100.33,,0.0
2024-07-30,42.65,69.34,27.62,22.45,33.84,26.97,6.23,0.98,15.23,1.97,2.22,1.05,,0.99,0.84,,63.68,1.1,242.26,,0.0,88.91,,0.01
2024-07-31,29.97,69.72,33.43,25.67,40.07,23.0,7.25,1.45,14.73,1.96,2.2,1.05,,0.97,0.84,,71.16,1.2,183.3,,0.0,74.58,,-0.03
2024-08-01,22.48,42.79,33.54,22.59,38.62,23.84,21.33,1.09,15.78,1.93,2.17,1.02,,0.94,0.81,,82.77,1.09,229.05,,0.0,83.47,,0.02
2024-08-02,29.2,66.98,36.36,23.76,41.4,21.82,24.26,1.21,15.51,1.95,2.21,1.05,,0.95,0.83,,84.53,0.76,203.02,,0.0,62.58,,-0.21
2024-08-03,27.65,67.01,31.92,25.18,38.59,21.65,28.08,1.05,15.81,1.96,2.2,1.03,,0.97,0.84,,73.08,1.85,267.81,,0.0,93.46,,-0.47
2024-08-04,24.15,60.23,30.19,25.48,37.44,25.59,32.58,0.89,16.74,1.98,2.21,1.05,,0.95,0.84,,69.54,1.34,209.58,,0.0,85.04,,-0.45
2024-08-05,25.49,59.67,26.62,35.4,39.8,16.84,23.49,0.96,16.1,1.92,2.17,1.01,,0.94,0.81,,73.83,1.59,237.06,,0.0,67.94,,-0.48
2024-08-06,27.0,65.32,17.28,41.82,35.69,13.57,13.61,1.17,15.99,1.93,2.18,1.02,,0.94,0.81,,71.4,2.13,297.18,,0.0,89.67,,-0.47
2024-08-07,24.69,61.91,21.54,49.39,43.06,11.45,20.45,1.18,16.07,1.38,1.67,1.0,,0.92,0.8,,83.38,1.45,277.49,,0.0,41.23,,-0.54
2024-08-08,27.26,64.64,23.72,48.92,44.43,12.35,12.38,1.1,16.41,0.96,1.26,0.98,,0.87,0.81,,81.91,1.14,248.62,,0.0,74.05,,-0.48
2024-08-09,23.7,60.88,25.01,56.92,49.81,10.68,10.69,0.93,16.64,1.14,1.35,0.96,,0.8,0.88,,85.59,1.04,224.45,,0.0,85.92,,-0.45
2024-08-10,22.82,73.18,26.88,62.71,54.22,5.82,12.77,1.53,17.01,1.14,1.35,0.96,,0.8,0.88,,88.77,0.8,232.12,,0.0,50.61,,-0.52
2024-08-11,16.49,61.11,27.64,61.88,54.51,7.41,14.9,0.91,16.38,1.13,1.33,0.94,,0.8,0.87,,89.94,0.99,185.83,,0.0,53.51,,-0.55
2024-08-12,17.25,41.76,26.85,56.26,50.85,7.97,12.45,1.02,14.92,1.15,1.36,0.97,,0.82,0.89,,88.39,0.77,161.37,,0.0,47.87,,-0.53
2024-08-13,23.85,47.14,25.32,58.07,50.53,10.78,19.34,1.01,16.31,1.21,1.41,1.03,,0.88,0.93,,86.65,0.9,207.62,,0.0,83.0,,-0.42
2024-08-14,26.81,63.28,24.03,53.99,47.42,10.75,19.65,1.05,15.44,1.19,1.4,1.02,,0.86,0.91,,83.16,0.85,200.83,,0.0,84.67,,-0.43
2024-08-15,25.41,53.06,22.34,50.37,44.46,13.14,14.47,1.21,15.85,1.22,1.4,1.01,,0.87,0.93,,80.37,1.09,226.69,,0.0,72.3,,-0.46
2024-08-16,28.91,75.68,24.56,56.96,49.43,12.27,18.02,0.96,16.61,1.19,1.39,1.0,,0.85,0.91,,76.11,1.72,247.7,,0.0,97.99,,-0.43
2024-08-17,25.37,87.8,26.45,55.87,50.33,9.69,7.06,0.83,16.37,1.14,1.88,1.0,,1.37,0.91,,75.25,0.89,127.08,,0.0,57.86,,-0.46
2024-08-18,20.7,75.42,25.62,53.74,48.63,11.05,12.61,1.09,16.71,1.14,2.4,1.0,,1.92,0.92,,74.68,0.93,121.21,,0.0,75.22,,-0.43
2024-08-19,23.15,68.41,26.28,58.13,51.2,10.68,12.61,1.32,16.09,1.12,2.39,1.0,,1.92,0.92,,73.87,1.01,163.21,,0.0,85.89,,-0.43
2024-08-20,18.77,53.16,26.35,53.29,48.97,12.85,10.61,0.97,17.38,1.12,2.39,0.99,,1.92,0.92,,81.39,0.91,183.73,,0.0,56.97,,-0.19
2024-08-21,24.04,66.42,27.58,47.83,47.01,11.69,15.34,1.35,17.37,1.56,3.57,1.21,,1.78,1.4,,70.85,1.09,235.26,,0.0,91.79,,0.12
2024-08-22,26.94,73.16,24.92,48.93,45.55,14.73,29.56,0.98,16.05,2.14,4.35,1.43,,1.53,1.94,,69.44,0.97,180.08,,0.0,97.88,,-0.09
2024-08-23,22.37,66.02,30.97,48.66,50.22,10.12,14.42,1.1,15.83,3.04,6.94,1.73,,1.83,2.59,,85.5,0.81,155.85,,0.0,34.3,,-0.36
2024-08-24,24.39,81.57,28.49,49.06,48.41,11.3,6.88,0.8,16.42,2.83,4.94,1.49,,1.54,2.21,,84.15,0.75,131.45,,0.0,79.12,,-0.33
2024-08-25,19.76,47.47,28.74,48.61,48.32,13.17,10.63,1.1,15.56,1.67,3.22,1.15,,1.12,1.38,,73.69,1.01,206.71,,0.0,84.34,,-0.37
2024-08-26,21.78,54.04,27.13,43.81,44.58,14.92,10.1,0.98,16.97,1.71,4.42,1.19,,1.27,1.53,,74.24,1.34,243.72,,0.0,91.09,,-0.36
2024-08-27,24.44,48.18,22.85,43.35,40.87,18.45,11.72,1.21,15.7,1.68,4.1,1.19,,1.21,1.42,,71.19,1.73,252.46,,0.0,103.02,,-0.28
2024-08-28,18.64,57.66,24.45,37.95,39.41,18.56,11.88,1.03,15.02,1.89,5.77,1.46,,1.58,1.96,,80.24,1.07,231.35,,0.0,142.35,,-0.09
2024-08-29,25.05,49.35,30.56,36.85,43.74,16.26,18.13,1.19,15.84,2.65,7.8,1.89,,1.91,2.88,,88.95,1.32,215.87,,0.0,118.33,,-0.25
2024-08-30,26.3,83.34,33.22,41.29,48.18,16.11,14.1,1.49,15.35,5.05,12.47,3.75,,4.87,4.58,,76.31,0.99,144.43,,0.0,185.62,,-0.13
2024-08-31,23.8,80.01,26.59,36.93,40.6,21.27,16.29,1.1,15.08,4.75,6.41,3.37,,4.55,3.16,,68.96,1.08,85.5,,0.0,209.68,,-0.08
2024-09-01,34.04,83.61,27.39,37.94,41.86,22.0,9.95,1.28,27.79,4.83,6.57,3.58,,4.64,3.17,,68.81,1.08,117.25,,0.0,192.43,,-0.13
2024-09-02,33.47,69.32,33.23,38.43,46.59,26.48,9.95,1.36,24.35,4.87,6.65,3.68,,4.64,3.26,,71.65,1.41,260.67,,0.0,192.17,,-0.12
2024-09-03,31.89,77.92,34.34,38.25,47.48,27.5,9.84,1.36,24.73,4.87,6.72,3.67,,4.74,3.33,,73.13,1.47,213.07,,0.0,213.24,,-0.09
2024-09-04,29.72,50.45,31.13,38.99,45.3,24.91,9.85,1.59,24.68,4.77,6.53,3.5,,4.56,3.16,,88.46,0.89,200.46,,0.0,207.13,,-0.12
2024-09-05,40.04,77.18,25.28,37.67,39.93,23.84,18.01,1.17,25.07,5.47,7.52,4.05,,4.9,3.65,,77.11,0.72,186.28,,0.0,253.0,,-0.06
2024-09-06,30.32,69.73,24.28,45.12,43.06,20.26,14.7,1.03,11.66,5.1,6.46,3.44,,4.22,3.38,,83.16,1.2,231.13,,0.0,246.0,,-0.04
2024-09-07,30.01,54.15,25.61,43.73,43.38,18.99,20.34,1.55,10.51,4.74,6.1,3.29,,3.91,3.26,,81.68,0.75,188.23,,0.0,222.71,,-0.08
2024-09-08,34.87,95.99,26.64,47.41,46.14,17.38,19.55,1.38,11.27,4.86,6.31,3.32,,4.04,3.29,,81.82,0.99,105.69,,0.0,189.1,,-0.15
2024-09-09,35.56,83.26,28.84,48.77,48.64,15.95,8.77,1.43,11.4,4.86,6.4,3.4,,4.05,3.35,,80.35,0.81,128.92,,0.0,227.01,,-0.12
2024-09-10,32.34,73.49,29.22,44.63,46.74,17.14,8.9,1.55,11.45,4.99,6.4,3.46,,4.12,3.4,,82.22,0.96,175.88,,0.0,262.34,,-0.07
2024-09-11,30.93,67.54,27.26,42.15,43.87,20.0,13.25,1.02,11.39,4.83,6.26,3.34,,3.94,3.31,,83.7,0.88,130.21,,0.0,197.24,,0.07
2024-09-12,27.89,55.97,27.74,43.55,44.99,18.81,18.77,0.99,11.61,4.71,6.02,3.19,,3.82,3.23,,90.97,1.31,152.05,,0.0,83.74,,0.06
2024-09-13,21.89,50.3,26.6,40.96,42.73,19.74,20.6,1.18,11.65,4.82,6.27,3.34,,3.99,3.34,,90.83,1.12,135.16,,0.0,65.96,,-0.09
2024-09-14,22.91,67.36,24.87,39.1,40.37,23.45,19.99,1.18,11.48,4.89,6.29,3.31,,3.99,3.31,,81.38,0.76,112.18,,0.0,105.4,,-0.1
2024-09-15,29.71,107.98,24.2,38.57,39.55,23.08,16.32,1.42,11.34,4.8,6.28,3.36,,4.01,3.34,,74.61,0.98,140.17,,0.0,143.03,,-0.04
2024-09-16,23.18,149.36,25.73,37.51,40.22,21.76,17.14,1.17,15.31,5.41,7.11,3.78,,4.65,3.81,,72.42,0.93,95.07,,0.0,132.92,,-0.08
2024-09-17,26.22,139.82,27.65,39.25,42.66,16.09,17.87,1.01,19.07,5.23,6.64,3.69,,4.52,3.77,,74.07,0.9,117.94,,0.0,129.45,,-0.07
2024-09-18,26.85,102.66,31.43,39.65,45.88,14.3,15.69,1.11,18.72,5.2,6.6,3.7,,4.51,3.75,,86.83,0.98,152.85,,0.0,57.28,,-0.19
2024-09-19,27.4,51.76,26.67,35.69,40.0,17.25,12.16,0.93,19.08,5.24,6.73,3.73,,4.51,3.79,,86.92,0.77,165.34,,0.0,80.68,,-0.14
2024-09-20,26.32,73.83,26.6,39.43,41.89,16.35,19.7,1.37,18.98,5.28,6.78,3.72,,4.56,3.8,,76.74,0.88,209.06,,0.0,125.48,,-0.07
2024-09-21,22.65,90.02,28.5,34.16,40.66,16.08,14.25,1.03,19.16,5.18,6.64,3.72,,4.5,3.77,,74.21,0.78,191.82,,0.0,115.13,,-0.09
2024-09-22,38.3,128.24,24.66,38.3,39.9,18.11,7.16,0.85,18.75,5.27,6.76,3.77,,4.59,3.79,,71.59,0.84,102.0,,0.0,112.96,,-0.1
2024-09-23,49.32,150.46,25.24,35.79,38.92,17.79,6.33,0.97,22.17,5.18,6.66,3.69,,4.51,3.74,,67.26,0.83,101.45,,0.0,123.42,,-0.08
2024-09-24,60.09,166.96,22.17,40.75,39.07,16.41,6.25,0.88,11.54,5.19,6.69,3.68,,4.48,3.78,,72.19,0.76,116.67,,0.0,94.42,,-0.14
2024-09-25,35.0,156.51,23.02,45.41,42.17,14.51,7.69,1.51,11.64,5.19,6.67,3.72,,4.55,3.74,,75.15,1.21,210.59,,0.0,99.64,,-0.12
2024-09-26,25.82,82.47,22.27,54.16,42.05,17.5,13.44,0.51,13.78,7.18,7.01,4.01,,4.93,3.9,,73.19,1.38,262.21,,0.0,100.54,,-0.14
2024-09-27,28.11,49.3,19.71,71.96,40.47,21.27,13.72,0.91,16.34,6.36,5.56,4.56,,4.36,4.05,,68.17,1.69,271.27,,0.0,123.3,,-0.1
2024-09-28,32.16,53.53,20.64,71.97,41.2,21.53,20.91,0.99,16.61,7.04,6.16,4.48,,4.42,4.29,,71.58,1.21,251.42,,0.0,107.51,,-0.08
2024-09-29,27.51,58.69,21.0,66.61,38.61,24.04,16.97,1.07,16.92,7.96,8.36,6.9,,6.76,4.49,,74.93,0.77,186.34,,0.0,115.4,,-0.05
2024-09-30,29.29,113.4,22.04,64.53,38.42,24.7,7.66,1.06,16.74,7.73,8.18,6.79,,6.12,4.42,,68.89,0.96,93.51,,0.0,115.68,,-0.08
2024-10-01,32.42,126.44,20.2,60.91,35.1,26.78,10.62,1.17,16.33,7.77,8.24,6.78,,6.16,4.45,,67.09,0.93,87.61,,0.0,123.04,,-0.12
2024-10-02,39.17,134.43,21.71,65.34,38.57,23.53,8.86,1.33,16.41,7.76,8.24,6.83,,6.09,4.4,,62.87,0.86,129.97,,0.0,127.31,,-0.14
2024-10-03,34.12,137.8,23.76,70.38,42.86,19.85,8.01,1.54,16.68,7.78,8.2,6.8,,6.07,4.43,,55.12,0.74,84.26,,0.0,129.9,,-0.13
2024-10-04,42.22,151.74,22.84,68.79,41.25,21.78,5.77,1.47,16.4,7.69,8.12,6.73,,5.98,4.27,,63.86,0.77,125.07,,0.0,127.57,,-0.11
2024-10-05,48.66,123.85,22.76,64.4,38.94,23.67,10.34,1.26,16.49,7.67,8.11,6.7,,6.02,4.37,,62.06,0.89,142.91,,0.0,128.45,,-0.08
2024-10-06,46.27,120.52,23.9,65.82,40.6,23.04,9.32,1.35,16.69,7.78,8.18,6.77,,6.15,4.41,,54.51,1.11,130.66,,0.0,121.95,,-0.03
2024-10-07,53.77,128.12,19.91,53.17,34.51,27.7,11.75,1.26,20.44,8.53,9.03,7.44,,6.8,4.63,,52.46,1.06,102.2,,0.0,121.61,,-0.0
2024-10-08,89.39,179.36,22.53,34.75,36.21,26.14,8.29,1.87,25.42,7.78,8.2,6.8,,6.06,4.41,,51.75,0.92,123.15,,0.0,103.48,,-0.04
2024-10-09,79.77,148.26,24.17,33.68,36.9,25.99,10.1,1.76,25.19,7.85,8.2,6.72,,6.07,4.44,,51.39,1.03,109.62,,0.0,110.32,,-0.04
2024-10-10,70.18,126.41,20.62,32.42,33.47,29.14,12.81,1.6,24.55,7.85,8.28,6.83,,6.24,4.45,,46.5,1.06,90.27,,0.0,112.67,,-0.0
2024-10-11,65.06,131.82,21.53,33.26,34.4,28.15,6.27,1.88,24.83,7.52,7.98,6.61,,6.1,4.33,,46.0,1.02,85.27,,0.0,118.37,,0.01
2024-10-12,74.0,151.53,26.07,36.85,40.29,25.15,4.23,2.58,25.21,7.55,7.88,6.59,,6.04,4.53,,47.21,0.83,122.1,,0.0,113.4,,-0.03
2024-10-13,92.04,178.41,33.82,38.54,47.0,17.93,14.64,2.19,25.66,7.77,8.2,6.84,,6.16,4.44,,50.69,0.64,139.24,,0.0,104.42,,-0.07
2024-10-14,94.24,219.34,27.34,35.07,40.22,24.07,8.55,2.15,24.99,7.79,8.18,6.82,,6.11,4.38,,46.14,0.77,109.1,,0.0,101.15,,-0.03
2024-10-15,82.45,178.33,33.5,34.26,44.58,23.32,5.26,1.93,24.86,7.96,8.35,6.88,,6.23,4.47,,42.89,0.78,106.44,,0.0,104.28,,-0.09
2024-10-16,78.06,184.02,31.52,28.99,39.91,23.69,4.64,2.67,24.77,7.91,8.24,6.88,,6.17,4.44,,52.33,0.72,208.07,,0.0,90.49,,-0.08
2024-10-17,103.0,243.78,32.18,36.18,44.56,19.11,4.45,3.39,24.62,8.9,9.49,7.76,,7.17,4.72,,60.51,0.69,141.44,,0.0,87.69,,-0.04
2024-10-18,90.13,229.82,47.11,48.01,61.52,38.29,4.32,2.68,25.35,7.87,8.24,6.84,,6.05,4.4,,56.47,0.75,161.09,,0.0,94.99,,-0.06
2024-10-19,99.84,226.57,38.0,34.69,47.65,44.94,7.58,2.9,25.88,7.79,8.23,6.77,,6.05,4.41,,54.68,0.73,151.01,,0.0,91.5,,-0.09
2024-10-20,100.2,217.9,34.25,36.1,45.6,48.06,10.06,2.38,25.92,7.77,8.25,6.76,,6.09,4.35,,65.0,0.71,176.93,,0.0,90.02,,-0.07
